signal_month,hold_month,ranked,skipped,n_skipped
2006-12,2007-01,"['XLU', 'XLF', 'XLY']",[],0
2007-01,2007-02,"['XLY', 'XLF', 'XLU']",[],0
2007-02,2007-03,"['XLB', 'XLU', 'XLY']",[],0
2007-03,2007-04,"['XLU', 'XLB', 'XLP']",[],0
2007-04,2007-05,"['XLU', 'XLV', 'XLB']",[],0
2007-05,2007-06,"['XLU', 'XLB', 'XLK']",[],0
2007-06,2007-07,"['XLB', 'XLK', 'XLU']",[],0
2007-07,2007-08,"['XLB', 'XLK', 'XLI']",[],0
2007-08,2007-09,"['XLE', 'XLB', 'XLI']",[],0
2007-09,2007-10,"['XLE', 'XLB', 'XLI']",[],0
2007-10,2007-11,"['XLE', 'XLB', 'XLK']",[],0
2007-11,2007-12,"['XLE', 'XLB', 'XLU']",[],0
2007-12,2008-01,"['XLE', 'XLB', 'XLU']",[],0
2008-01,2008-02,"['XLE', 'XLB', 'XLU']","['XLE', 'XLB', 'XLU']",3
2008-02,2008-03,"['XLE', 'XLB', 'XLP']",['XLP'],1
2008-03,2008-04,"['XLE', 'XLB', 'XLI']","['XLB', 'XLI']",2
2008-04,2008-05,"['XLE', 'XLB', 'XLI']",['XLI'],1
2008-05,2008-06,"['XLE', 'XLB', 'XLP']",[],0
2008-06,2008-07,"['XLE', 'XLU', 'XLB']",[],0
2008-07,2008-08,"['XLE', 'XLP', 'XLB']","['XLE', 'XLP', 'XLB']",3
2008-08,2008-09,"['XLE', 'XLP', 'XLB']","['XLE', 'XLB']",2
2008-09,2008-10,"['XLP', 'XLV', 'XLU']","['XLV', 'XLU']",2
2008-10,2008-11,"['XLP', 'XLV', 'XLU']","['XLP', 'XLV', 'XLU']",3
2008-11,2008-12,"['XLP', 'XLU', 'XLV']","['XLP', 'XLU', 'XLV']",3
2008-12,2009-01,"['XLP', 'XLV', 'XLU']","['XLP', 'XLV', 'XLU']",3
2009-01,2009-02,"['XLP', 'XLV', 'XLU']","['XLP', 'XLV', 'XLU']",3
2009-02,2009-03,"['XLP', 'XLV', 'XLU']","['XLP', 'XLV', 'XLU']",3
2009-03,2009-04,"['XLV', 'XLP', 'XLK']","['XLV', 'XLP', 'XLK']",3
2009-04,2009-05,"['XLP', 'XLV', 'XLY']","['XLP', 'XLV']",2
2009-05,2009-06,"['XLP', 'XLV', 'XLY']","['XLP', 'XLV']",2
2009-06,2009-07,"['XLP', 'XLV', 'XLY']",[],0
2009-07,2009-08,"['XLP', 'XLY', 'XLK']",[],0
2009-08,2009-09,"['XLP', 'XLV', 'XLK']",[],0
2009-09,2009-10,"['XLK', 'XLY', 'XLV']",[],0
2009-10,2009-11,"['XLK', 'XLY', 'XLB']",[],0
2009-11,2009-12,"['XLK', 'XLB', 'XLY']",[],0
2009-12,2010-01,"['XLK', 'XLB', 'XLY']",[],0
2010-01,2010-02,"['XLF', 'XLY', 'XLB']",[],0
2010-02,2010-03,"['XLF', 'XLY', 'XLI']",[],0
2010-03,2010-04,"['XLF', 'XLI', 'XLY']",[],0
2010-04,2010-05,"['XLI', 'XLF', 'XLY']",[],0
2010-05,2010-06,"['XLY', 'XLI', 'XLK']",[],0
2010-06,2010-07,"['XLY', 'XLI', 'XLF']","['XLY', 'XLI', 'XLF']",3
2010-07,2010-08,"['XLI', 'XLY', 'XLF']",[],0
2010-08,2010-09,"['XLY', 'XLI', 'XLU']","['XLY', 'XLI']",2
2010-09,2010-10,"['XLY', 'XLI', 'XLP']",[],0
2010-10,2010-11,"['XLY', 'XLI', 'XLB']",[],0
2010-11,2010-12,"['XLY', 'XLI', 'XLE']",[],0
2010-12,2011-01,"['XLI', 'XLY', 'XLE']",[],0
2011-01,2011-02,"['XLE', 'XLI', 'XLB']",[],0
2011-02,2011-03,"['XLE', 'XLY', 'XLI']",[],0
2011-03,2011-04,"['XLE', 'XLI', 'XLB']",[],0
2011-04,2011-05,"['XLE', 'XLB', 'XLI']",[],0
2011-05,2011-06,"['XLE', 'XLB', 'XLI']",[],0
2011-06,2011-07,"['XLE', 'XLB', 'XLY']",[],0
2011-07,2011-08,"['XLE', 'XLY', 'XLB']",['XLB'],1
2011-08,2011-09,"['XLE', 'XLY', 'XLV']","['XLE', 'XLY']",2
2011-09,2011-10,"['XLU', 'XLP', 'XLV']","['XLP', 'XLV']",2
2011-10,2011-11,"['XLE', 'XLU', 'XLY']",['XLE'],1
2011-11,2011-12,"['XLU', 'XLP', 'XLE']",['XLE'],1
2011-12,2012-01,"['XLU', 'XLP', 'XLV']",[],0
2012-01,2012-02,"['XLV', 'XLP', 'XLU']",[],0
2012-02,2012-03,"['XLP', 'XLU', 'XLV']",[],0
2012-03,2012-04,"['XLK', 'XLY', 'XLP']",[],0
2012-04,2012-05,"['XLY', 'XLK', 'XLU']",[],0
2012-05,2012-06,"['XLU', 'XLY', 'XLP']",[],0
2012-06,2012-07,"['XLU', 'XLP', 'XLK']",[],0
2012-07,2012-08,"['XLU', 'XLP', 'XLK']",[],0
2012-08,2012-09,"['XLK', 'XLY', 'XLV']",[],0
2012-09,2012-10,"['XLY', 'XLF', 'XLK']",[],0
2012-10,2012-11,"['XLV', 'XLF', 'XLY']",[],0
2012-11,2012-12,"['XLF', 'XLY', 'XLV']",[],0
2012-12,2013-01,"['XLF', 'XLY', 'XLV']",[],0
2013-01,2013-02,"['XLF', 'XLY', 'XLV']",[],0
2013-02,2013-03,"['XLV', 'XLF', 'XLY']",[],0
2013-03,2013-04,"['XLV', 'XLP', 'XLY']",[],0
2013-04,2013-05,"['XLV', 'XLF', 'XLP']",[],0
2013-05,2013-06,"['XLF', 'XLV', 'XLY']",[],0
2013-06,2013-07,"['XLF', 'XLY', 'XLV']",[],0
2013-07,2013-08,"['XLF', 'XLY', 'XLV']",[],0
2013-08,2013-09,"['XLF', 'XLV', 'XLY']",[],0
2013-09,2013-10,"['XLY', 'XLF', 'XLI']",[],0
2013-10,2013-11,"['XLY', 'XLI', 'XLV']",[],0
2013-11,2013-12,"['XLY', 'XLV', 'XLF']",[],0
2013-12,2014-01,"['XLY', 'XLV', 'XLI']",[],0
2014-01,2014-02,"['XLV', 'XLI', 'XLY']",[],0
2014-02,2014-03,"['XLV', 'XLY', 'XLI']",[],0
2014-03,2014-04,"['XLV', 'XLI', 'XLF']",[],0
2014-04,2014-05,"['XLI', 'XLV', 'XLB']",[],0
2014-05,2014-06,"['XLI', 'XLV', 'XLB']",[],0
2014-06,2014-07,"['XLB', 'XLE', 'XLV']",[],0
2014-07,2014-08,"['XLK', 'XLB', 'XLV']",[],0
2014-08,2014-09,"['XLV', 'XLK', 'XLB']",[],0
2014-09,2014-10,"['XLV', 'XLK', 'XLB']",[],0
2014-10,2014-11,"['XLV', 'XLK', 'XLU']",[],0
2014-11,2014-12,"['XLV', 'XLU', 'XLK']",[],0
2014-12,2015-01,"['XLU', 'XLV', 'XLK']",[],0
2015-01,2015-02,"['XLU', 'XLV', 'XLP']",[],0
2015-02,2015-03,"['XLV', 'XLP', 'XLK']",[],0
2015-03,2015-04,"['XLV', 'XLY', 'XLP']",[],0
2015-04,2015-05,"['XLV', 'XLY', 'XLK']",[],0
2015-05,2015-06,"['XLV', 'XLY', 'XLK']",[],0
2015-06,2015-07,"['XLV', 'XLY', 'XLK']",[],0
2015-07,2015-08,"['XLV', 'XLY', 'XLP']",[],0
2015-08,2015-09,"['XLV', 'XLY', 'XLP']","['XLV', 'XLP']",2
2015-09,2015-10,"['XLY', 'XLP', 'XLU']","['XLY', 'XLP', 'XLU']",3
2015-10,2015-11,"['XLY', 'XLK', 'XLP']",[],0
2015-11,2015-12,"['XLY', 'XLK', 'XLV']",['XLV'],1
2015-12,2016-01,"['XLY', 'XLP', 'XLV']",[],0
2016-01,2016-02,"['XLP', 'XLY', 'XLK']","['XLY', 'XLK']",2
2016-02,2016-03,"['XLU', 'XLP', 'XLY']",['XLY'],1
2016-03,2016-04,"['XLU', 'XLP', 'XLK']",[],0
2016-04,2016-05,"['XLU', 'XLP', 'XLY']",[],0
2016-05,2016-06,"['XLU', 'XLP', 'XLY']",[],0
2016-06,2016-07,"['XLU', 'XLP', 'XLK']",[],0
2016-07,2016-08,"['XLU', 'XLP', 'XLK']",[],0
2016-08,2016-09,"['XLU', 'XLK', 'XLP']",[],0
2016-09,2016-10,"['XLK', 'XLB', 'XLI']",[],0
2016-10,2016-11,"['XLU', 'XLK', 'XLP']",[],0
2016-11,2016-12,"['XLI', 'XLF', 'XLU']",['XLU'],1
2016-12,2017-01,"['XLE', 'XLF', 'XLI']",[],0
2017-01,2017-02,"['XLB', 'XLF', 'XLI']",[],0
2017-02,2017-03,"['XLF', 'XLK', 'XLE']",[],0
2017-03,2017-04,"['XLF', 'XLK', 'XLI']",[],0
2017-04,2017-05,"['XLK', 'XLF', 'XLI']",[],0
2017-05,2017-06,"['XLK', 'XLI', 'XLF']",[],0
2017-06,2017-07,"['XLF', 'XLK', 'XLI']",[],0
2017-07,2017-08,"['XLF', 'XLK', 'XLI']",[],0
2017-08,2017-09,"['XLK', 'XLF', 'XLI']",[],0
2017-09,2017-10,"['XLF', 'XLK', 'XLI']",[],0
2017-10,2017-11,"['XLF', 'XLK', 'XLB']",[],0
2017-11,2017-12,"['XLK', 'XLU', 'XLF']",[],0
2017-12,2018-01,"['XLK', 'XLB', 'XLI']",[],0
2018-01,2018-02,"['XLK', 'XLF', 'XLY']",[],0
2018-02,2018-03,"['XLK', 'XLY', 'XLF']",[],0
2018-03,2018-04,"['XLK', 'XLF', 'XLY']",[],0
2018-04,2018-05,"['XLK', 'XLF', 'XLY']",[],0
2018-05,2018-06,"['XLK', 'XLE', 'XLF']",['XLF'],1
2018-06,2018-07,"['XLK', 'XLY', 'XLE']",[],0
2018-07,2018-08,"['XLK', 'XLY', 'XLE']",[],0
2018-08,2018-09,"['XLY', 'XLK', 'XLE']",[],0
2018-09,2018-10,"['XLY', 'XLK', 'XLV']",[],0
2018-10,2018-11,"['XLY', 'XLK', 'XLV']","['XLY', 'XLK']",2
2018-11,2018-12,"['XLV', 'XLY', 'XLK']",['XLK'],1
2018-12,2019-01,"['XLV', 'XLU', 'XLY']","['XLV', 'XLY']",2
2019-01,2019-02,"['XLU', 'XLV', 'XLY']",[],0
2019-02,2019-03,"['XLU', 'XLV', 'XLY']",[],0
2019-03,2019-04,"['XLU', 'XLK', 'XLV']",[],0
2019-04,2019-05,"['XLK', 'XLP', 'XLU']",[],0
2019-05,2019-06,"['XLU', 'XLP', 'XLV']",['XLV'],1
2019-06,2019-07,"['XLU', 'XLP', 'XLK']",[],0
2019-07,2019-08,"['XLU', 'XLK', 'XLP']",[],0
2019-08,2019-09,"['XLU', 'XLP', 'XLK']",[],0
2019-09,2019-10,"['XLU', 'XLP', 'XLK']",[],0
2019-10,2019-11,"['XLU', 'XLK', 'XLY']",[],0
2019-11,2019-12,"['XLK', 'XLU', 'XLI']",[],0
2019-12,2020-01,"['XLK', 'XLF', 'XLI']",[],0
2020-01,2020-02,"['XLK', 'XLU', 'XLP']",[],0
2020-02,2020-03,"['XLK', 'XLU', 'XLP']","['XLU', 'XLP']",2
2020-03,2020-04,"['XLK', 'XLP', 'XLV']","['XLK', 'XLP', 'XLV']",3
2020-04,2020-05,"['XLK', 'XLV', 'XLP']",['XLP'],1
2020-05,2020-06,"['XLK', 'XLV', 'XLY']",[],0
2020-06,2020-07,"['XLK', 'XLV', 'XLY']",[],0
2020-07,2020-08,"['XLK', 'XLV', 'XLY']",[],0
2020-08,2020-09,"['XLK', 'XLY', 'XLV']",[],0
2020-09,2020-10,"['XLK', 'XLY', 'XLV']",[],0
2020-10,2020-11,"['XLK', 'XLY', 'XLB']",[],0
2020-11,2020-12,"['XLK', 'XLY', 'XLB']",[],0
2020-12,2021-01,"['XLK', 'XLY', 'XLB']",[],0
2021-01,2021-02,"['XLK', 'XLY', 'XLB']",[],0
2021-02,2021-03,"['XLK', 'XLB', 'XLY']",[],0
2021-03,2021-04,"['XLB', 'XLE', 'XLY']",[],0
2021-04,2021-05,"['XLB', 'XLF', 'XLI']",[],0
2021-05,2021-06,"['XLF', 'XLB', 'XLI']",[],0
2021-06,2021-07,"['XLF', 'XLI', 'XLE']",[],0
2021-07,2021-08,"['XLF', 'XLI', 'XLE']",[],0
2021-08,2021-09,"['XLF', 'XLE', 'XLB']",[],0
2021-09,2021-10,"['XLE', 'XLF', 'XLK']",[],0
2021-10,2021-11,"['XLE', 'XLF', 'XLK']",[],0
2021-11,2021-12,"['XLE', 'XLF', 'XLK']",[],0
2021-12,2022-01,"['XLE', 'XLF', 'XLK']",[],0
2022-01,2022-02,"['XLE', 'XLF', 'XLK']",[],0
2022-02,2022-03,"['XLE', 'XLF', 'XLP']",[],0
2022-03,2022-04,"['XLE', 'XLK', 'XLU']",[],0
2022-04,2022-05,"['XLE', 'XLP', 'XLU']",[],0
2022-05,2022-06,"['XLE', 'XLU', 'XLV']",[],0
2022-06,2022-07,"['XLE', 'XLU', 'XLP']",['XLP'],1
2022-07,2022-08,"['XLE', 'XLU', 'XLP']",[],0
2022-08,2022-09,"['XLE', 'XLU', 'XLP']",['XLP'],1
2022-09,2022-10,"['XLE', 'XLU', 'XLP']","['XLU', 'XLP']",2
2022-10,2022-11,"['XLE', 'XLP', 'XLU']","['XLP', 'XLU']",2
2022-11,2022-12,"['XLE', 'XLP', 'XLU']",[],0
2022-12,2023-01,"['XLE', 'XLU', 'XLP']",[],0
2023-01,2023-02,"['XLE', 'XLV', 'XLI']",[],0
2023-02,2023-03,"['XLE', 'XLI', 'XLB']",[],0
2023-03,2023-04,"['XLE', 'XLP', 'XLI']",[],0
2023-04,2023-05,"['XLE', 'XLK', 'XLI']",[],0
2023-05,2023-06,"['XLK', 'XLI', 'XLP']",['XLP'],1
2023-06,2023-07,"['XLK', 'XLI', 'XLY']",[],0
2023-07,2023-08,"['XLK', 'XLI', 'XLE']",[],0
2023-08,2023-09,"['XLK', 'XLI', 'XLE']",[],0
2023-09,2023-10,"['XLK', 'XLE', 'XLI']",['XLI'],1
2023-10,2023-11,"['XLK', 'XLY', 'XLI']","['XLY', 'XLI']",2
2023-11,2023-12,"['XLK', 'XLY', 'XLI']",[],0
2023-12,2024-01,"['XLK', 'XLY', 'XLI']",[],0
2024-01,2024-02,"['XLK', 'XLY', 'XLI']",[],0
2024-02,2024-03,"['XLK', 'XLY', 'XLI']",[],0
2024-03,2024-04,"['XLK', 'XLF', 'XLI']",[],0
2024-04,2024-05,"['XLK', 'XLF', 'XLI']",[],0
2024-05,2024-06,"['XLF', 'XLI', 'XLK']",[],0
2024-06,2024-07,"['XLK', 'XLF', 'XLE']",[],0
2024-07,2024-08,"['XLF', 'XLK', 'XLI']",[],0
2024-08,2024-09,"['XLF', 'XLK', 'XLU']",[],0
2024-09,2024-10,"['XLU', 'XLF', 'XLK']",[],0
2024-10,2024-11,"['XLF', 'XLU', 'XLI']",[],0
2024-11,2024-12,"['XLF', 'XLI', 'XLU']",[],0
2024-12,2025-01,"['XLF', 'XLY', 'XLU']",[],0
2025-01,2025-02,"['XLY', 'XLF', 'XLU']",[],0
2025-02,2025-03,"['XLU', 'XLF', 'XLY']",[],0
2025-03,2025-04,"['XLU', 'XLF', 'XLP']",[],0
2025-04,2025-05,"['XLF', 'XLU', 'XLY']",['XLY'],1
2025-05,2025-06,"['XLF', 'XLY', 'XLI']",[],0
2025-06,2025-07,"['XLF', 'XLU', 'XLI']",[],0
2025-07,2025-08,"['XLF', 'XLU', 'XLK']",[],0
2025-08,2025-09,"['XLY', 'XLK', 'XLF']",[],0
2025-09,2025-10,"['XLK', 'XLY', 'XLF']",[],0
2025-10,2025-11,"['XLK', 'XLY', 'XLI']",[],0
2025-11,2025-12,"['XLK', 'XLU', 'XLV']",[],0
2025-12,2026-01,"['XLK', 'XLI', 'XLU']",[],0
2026-01,2026-02,"['XLK', 'XLI', 'XLE']",[],0
2026-02,2026-03,"['XLI', 'XLE', 'XLU']",[],0
2026-03,2026-04,"['XLE', 'XLK', 'XLI']",['XLK'],1
2026-04,2026-05,"['XLE', 'XLK', 'XLI']",[],0
2026-05,2026-06,"['XLK', 'XLE', 'XLI']",[],0
2026-06,2026-07,"['XLK', 'XLE', 'XLI']",[],0
2026-07,2026-08,"['XLE', 'XLK', 'XLV']",[],0
